{"секретный_скор":82.6885506398,"сегмент_arpu":13.2888966886,"on_net":1.5437656919,"объем_данных":1.4641994583,"null_count":0.304617679}